url,emails
http://www.pokharaflightcentre.com/,"9856028155info@pokharaflightcentre.com, info@pokharaflightcentre.com"
https://cntravels.com.np/,"info@cntravels.com.npLoginLogin, info@cntravels.com.np"
https://linkagetour.com/,Info@linkagetour.com
https://api.whatsapp.com/send?phone=9779851225400,
https://www.starlinktoursandtravel.com/,"StarLinkTours@gmail.comDETAILSDETAILSDETAILSDETAILSAir, StarLinkTours@gmail.com"
http://www.easternlighttrek.com/,info@easternlighttrek.com
http://fbatravel.com/,
http://travelandtreknepal.com/,"info@travelandtreknepal.com, travelandtreknepal@gmail.com"
http://www.navigationtreks.com/,
http://adamnepal.com/,adamnepal@hotmail.com
https://couchadventurenepalpvtltd.business.site/,
http://www.apexasiatravel.com/,info@apexasiatravel.com
http://www.vintagenepal.com/,
http://www.musafircab.com/pokhara,info@musafircab.com
https://trekking-adventure-nepal-pltd.business.site/,
http://www.blue-sky-tours.com/,
http://www.aimwaytours.com/,info@aimwaytours.com
https://couch-adventure-nepal.business.site/,
http://www.nepaltreksteam.com/,gurupahari@gmail.com
http://hinepaltreks.com/,info@hinepaltreks.com
http://www.sisnerover.com/,
https://royalpokharatourstravelpvtltd.business.site/?utm_source=gmb&utm_medium=referral,
https://www.subhakamanatravels.com.np/,
https://anjil-and-manjil-travels-and-tours-pvt-ltd.business.site/,
http://www.aromatrekking.com/,
https://globaltravelnepal.com/,"info@globaltravelnepal.com, sales@globaltravelnepal.com, niraj@globaltravelnepal.com, prakash@globaltravelnepal.com"
http://www.trippokhara.com/,"u003Ctaylor@laravel.com, u003Emytrippokhara@gmail.com, info@trippokhara.com, u003Einfo@trippokhara.com"
https://www.facebook.com/peacepokhara1234/,
http://openhearttravels.com/,"openheart_travels@hotmail.com, openheartpkr@gmail.com"
http://www.unlimitedtrekkingnepal.com/,unl.trek.nepal@gmail.com
http://www.essencetreksnepal.com/,"info@essencetreksnepal.com, essencettt@gmail.com"
https://travelaishwarya.business.site/?utm_source=gmb&utm_medium=referral,"9856032168info@travelaishwarya.com, 9856032168info@travelaishwarya.comBookPosted, 9856032168info@travelaishwarya.comOrder, ninfo@travelaishwarya.com, info@travelaishwarya.com, 9856032168info@travelaishwarya.comBook"
https://weguidetravel.business.site/,
http://www.happytreksnepal.com/,udaya@happytreksnepal.com
http://www.marditreknepal.com/,"marditreknepal@gmail.com, 9779856035677marditreknepal@gmail.com, usmarditreknepal@gmail.cominfo, marditreknepal@gmail.cominfo"
https://snow-peak-tours-and-travels-pvtltd.business.site/?utm_source=gmb&utm_medium=referral,
https://infinity-treks-expeditions.business.site/?utm_source=gmb&utm_medium=referral,
https://nepal-mountain-club.business.site/?utm_source=gmb&utm_medium=referral,
https://northnepaltrek.com/,info@northnepaltrek.com
http://www.nepalvacation.com.np/,
https://www.tibetanencounter.com/,"info@tibetanencounter.com, tibetanencounter2010@gmail.com"
http://abctrekking.com/,
http://www.toptrekkingnepal.com/,"info@toptrekkingnepal.com, rajunepali001@gmail.com"
http://www.3sistersadventuretrek.com/,info@3sisters.com.np
https://nepaltourismpackage.com/tour/muktinath-tour,nepaltouragency@gmail.com
http://www.hikeontreks.com/,"hikeontrek@gmail.com, hikeontrek@gmail.comGET"
http://www.swissatravel.com/,"info@swissatravel.com, ragriver@mcmail.com.np"
https://www.breathenepaltrekking.com/,info@breathenepaltrekking.com
https://lotus-holidays-travels-tours-pvtltd.business.site/,
http://dreamdestination.com.np/,
http://www.bhanjyangtravels.com/,
http://www.beautynepaladventure.com/,"info@beautynepaladventure.com, gofortrekking@yahoo.com"
https://instagram.com/skyfoxtravels?igshid=NDRkN2NkYzU=,
https://www.nepalmountainbike.com/,
https://twinpeakstrek.business.site/?utm_source=gmb&utm_medium=referral,
http://mytournepal.com/,"info@mytournepal.com, kishor@mytournepal.com, info@rainbowsafariresort.com"
http://www.imageholidays.com.np/,info@imageholidays.com.np
http://thenepaltreks.com/,themountaintreks@gmail.com
http://www.eemtravels.com/,"info@eemtravels.com, travels.eem@gmail.com"
http://www.himalayaseekerstrek.com/,
http://www.aonetreknepal.com/,info@aonetreknepal.com
http://theimperialholidays.com/,info@theimperialholidays.com
http://www.stepbysteptreks.com/,"info@stepbysteptreks.com, info@stepbysteptreks.comkrishnastepbysteptreks"
https://everestnepaltreks.com/,contact@everestnepaltreks.com
http://www.littlepokharatravels.com/,littlepokharatravels@gmail.com
https://bigsmilepg.business.site/?utm_source=gmb&utm_medium=referral,
http://www.nepaltourandtrekking.com/tour/pokhara-tour-package,nepaltouragency@gmail.com
http://www.admarktravels.com/,admark.pkr@gmail.com
https://pokhara-day-tours-and-travels.business.site/?utm_source=gmb&utm_medium=referral,
https://api.whatsapp.com/send?phone=9779856060670,
https://www.facebook.com/gandakitravels42/,
http://www.fewatrailtreks.com.np/,sdahal2@gmail.com
http://www.ethicaltrekkingnepal.com/,"lmenviel@yahoo.fr, ethicaltrekkingnepal@yahoo.comWeb, ethicaltrekkingnepal@yahoo.com"
http://balloonnepal.com/,Info@balloonnepal.com
